{"backgroundColor":{"r":0.16078431904315949,"g":0.16078431904315949,"b":0.16078431904315949,"a":1.0},"backgroundId":0,"fontColor":{"r":1.0,"g":0.5215686559677124,"b":0.47843137383461,"a":1.0},"fontId":2}