{"backgroundColor":{"r":0.16078431904315949,"g":0.16078431904315949,"b":0.16078431904315949,"a":1.0},"backgroundId":0,"fontColor":{"r":0.4316409230232239,"g":0.2688679099082947,"b":1.0,"a":1.0},"fontId":11}